label,bdaddr,vehicle.type
JLM01,00:1C:88:12:D3:63,van
JRS01,00:1C:88:12:D3:4A,car
JRS02,00:1C:88:12:D3:56,car
JRS03,00:1C:88:12:D3:69,car
JRS04,00:1C:88:12:D2:B6,van
JRS05,00:1C:88:12:D3:09,car
JRS06,00:1C:88:12:D3:3D,car
JRS07,00:1C:88:12:D3:38,none
JRS08,00:1C:88:12:D3:0F,car
JRS09,00:1C:88:12:D3:47,none
JRS10,00:1C:88:12:D3:0D,car
AH01,00:1C:88:12:D3:99,car
AH02,00:1C:88:12:D3:05,car
AH03,00:1C:88:12:D3:0A,car
AH04,00:1C:88:12:D3:4D,car
AH05,00:1C:88:12:D3:4E,car
AH06,00:1C:88:12:D3:43,car
AH07,00:1C:88:12:D3:98,car
AH08,00:1C:88:12:D3:41,motorbike
AH10,00:1C:88:12:D3:46,none
JH01,00:1C:88:12:D3:0E,car
JH02,00:1C:88:12:D3:66,car
JH03,00:1C:88:12:D2:AF,car
JH04,00:1C:88:12:D3:74,car
JH05,00:1C:88:12:D3:44,car
JH06,00:1C:88:12:D3:0B,car
JH07,00:1C:88:12:D3:42,car
JH08,00:1C:88:12:D2:AC,car
JH09,00:1C:88:12:D3:3E,motorbike
JH10,00:1C:88:12:D2:97,car
SB01,00:1c:88:12:d3:95,none
SB02,00:1c:88:12:d3:96,none
SB03,00:1c:88:12:d3:37,none
SB04,00:1c:88:12:d3:93,none
SB05,00:1c:88:12:d3:17,none
